geoidentifikator,name_1,name_2,localtype,znacaj,matbro,registarskibroj,editdate,geometry
SRBRGI7100001,Кедар на Дедињу,Kedar na Dedinju,"7101","1","70220","10",2019/10/15 10:01:42+02,POINT(456206.3262 4959344.399)
SRBRGI7100002,Лалино дрво,Lalino drvo,"7101","1","70220","13",2019/10/15 10:01:42+02,POINT(457354.1355999997 4959251.1742)
SRBRGI7100003,Гинко на Сењаку,Ginko na Senjaku,"7101","1","70220","15",2019/10/15 10:01:42+02,POINT(455688.48790000007 4959795.352700001)
SRBRGI7100004,Јасика код Бајчине,Jasika kod Bajčine,"7101","1","90247","89",2017/02/01 01:00:00+01,POINT(513623.5557000004 4755127.799699999)
SRBRGI7100005,Сам-дуд,Sam-dud,"7101","1","90239","92",2017/02/01 01:00:00+01,POINT(440210.7309999997 4723358.8489)
SRBRGI7100006,Храст Коче капетана,Hrast Koče kapetana,"7101","1","71048","95",2017/02/01 01:00:00+01,POINT(522359.1682000002 4876491.9333999995)
SRBRGI7100007,Карађорђев дуд,Karađorđev dud,"7101","1","71099","109",2017/02/01 01:00:00+01,POINT(494242.4297000002 4945729.3928)
SRBRGI7100008,Платан у Сремским Карловцима,Platan u Sremskim Karlovcima,"7101","1","80411","114",2017/02/01 01:00:00+01,POINT(416443.42920000013 5005944.479800001)
SRBRGI7100009,Храст китњак – Дебела граница,Hrast kitnjak – Debela granica,"7101","1","71145","122",2017/02/01 01:00:00+01,POINT(404474.3624 4867657.876)
SRBRGI7100010,Бор цара Душана,Bor cara Dušana,"7101","1","90301","127",2017/02/01 01:00:00+01,POINT(506946.9227 4690555.866800001)
SRBRGI7100011,Два храста лужњака код манастира Жича,Dva hrasta lužnjaka kod manastira Žiča,"7101","1","70653","134",2020/10/20 11:39:45+02,POINT(471481.3038999997 4838129.267000001)
SRBRGI7100012,Тиса у парку Патријаршијског двора,Tisa u parku Patrijaršijskog dvora,"7101","1","80411","153",2017/02/01 01:00:00+01,POINT(416309.85390000045 5006116.3092)
SRBRGI7100013,Буква – Прозорац,Bukva – Prozorac,"7101","1","70459","176",2017/02/01 01:00:00+01,POINT(484962.9807000002 4825617.447699999)
SRBRGI7100014,Висибаба – стабла лужњака,Visibaba – stabla lužnjaka,"7101","1","70955","182",2017/02/01 01:00:00+01,POINT(420931.71860000025 4854769.067)
SRBRGI7100015,Висибаба – стабла лужњака,Visibaba – stabla lužnjaka,"7101","1","70955","182",2017/02/01 01:00:00+01,POINT(420930.95639999956 4854762.5472)
SRBRGI7100016,Висибаба – стабла лужњака,Visibaba – stabla lužnjaka,"7101","1","70955","182",2017/02/01 01:00:00+01,POINT(420924.8598999996 4854763.4224)
SRBRGI7100017,Висибаба – стабла лужњака,Visibaba – stabla lužnjaka,"7101","1","70955","182",2017/02/01 01:00:00+01,POINT(420919.35610000044 4854763.5919)
SRBRGI7100018,Храст лужњак – Породински запис,Hrast lužnjak – Porodinski zapis,"7101","1","70521","189",2017/02/01 01:00:00+01,POINT(516748.79399999976 4908469.544600001)
SRBRGI7100019,Храст лужњак – Радојковића раст,Hrast lužnjak – Radojkovića rast,"7101","1","70386","191",2017/02/01 01:00:00+01,POINT(513063.10979999974 4911931.479)
SRBRGI7100020,Четири платана,Četiri platana,"7101","1","80063","194",2017/02/01 01:00:00+01,POINT(373060.8304000003 5010257.7743999995)
SRBRGI7100021,Пет храстова,Pet hrastova,"7101","1","70459","211",2017/02/01 01:00:00+01,POINT(492146.98429999966 4830806.2544)
SRBRGI7100022,Храст лужњак у Смедереву,Hrast lužnjak u Smederevu,"7101","1","71099","218",2017/02/01 01:00:00+01,POINT(497098.7243999997 4938804.1807)
SRBRGI7100023,Храст лужњак у Долову,Hrast lužnjak u Dolovu,"7101","1","71099","219",2017/02/01 01:00:00+01,POINT(498763.65160000045 4933887.541999999)
SRBRGI7100024,Диволеска,Divoleska,"7101","1","71145","224",2017/02/01 01:00:00+01,POINT(406159.04470000044 4856480.276900001)
SRBRGI7100025,Мечје леске на Тргу Светог Саве у Ужицу,Mečje leske na Trgu Svetog Save u Užicu,"7101","1","71145","226",2017/02/01 01:00:00+01,POINT(407096.9068999998 4856567.602)
SRBRGI7100026,Храст лужњак у Коларима,Hrast lužnjak u Kolarima,"7101","1","71048","227",2017/02/01 01:00:00+01,POINT(519332.8361999998 4860752.243799999)
SRBRGI7100027,Црни бор у клисури Ибра,Crni bor u klisuri Ibra,"7101","1","70653","229",2017/02/01 01:00:00+01,POINT(466114.31900000013 4825688.59)
SRBRGI7100028,Храст цер – Загус запис,Hrast cer – Zagus zapis,"7101","1","70033","238",2017/02/01 01:00:00+01,POINT(457074.57070000004 4903974.006100001)
SRBRGI7100029,Црни бор – лира,Crni bor – lira,"7101","1","70866","240",2017/02/01 01:00:00+01,POINT(399170.1310999999 4828659.7497000005)
SRBRGI7100030,Група стабала у Лозовику,Grupa stabala u Lozoviku,"7101","1","70386","242",2017/02/01 01:00:00+01,POINT(506715.2620000001 4924608.0429)
SRBRGI7100031,Муника у селу Сениште,Munika u selu Senište,"7101","1","70866","244",2017/02/01 01:00:00+01,POINT(398720.34889999963 4823261.4835)
SRBRGI7100032,Липе у Белој Цркви,Lipe u Beloj Crkvi,"7101","1","70661","247",2020/10/20 12:12:31+02,POINT(378879.5571999997 4916757.6395)
SRBRGI7100033,Група стабала – Добри поток,Grupa stabala – Dobri potok,"7101","1","70661","258",2017/02/01 01:00:00+01,POINT(370409.47580000013 4914514.309900001)
SRBRGI7100034,Два храста лужњака у Врњцима,Dva hrasta lužnjaka u Vrnjcima,"7101","1","70459","266",2017/02/01 01:00:00+01,POINT(493416.54789999966 4832055.827199999)
SRBRGI7100035,Храст лужњак у Старој Моравици,Hrast lužnjak u Staroj Moravici,"7101","1","80071","296",2017/02/01 01:00:00+01,POINT(380920.1347000003 5080744.987299999)
SRBRGI7100036,Две тисе у дворишту Карловачке гимназије,Dve tise u dvorištu Karlovačke gimnazije,"7101","1","80411","303",2017/02/01 01:00:00+01,POINT(416250.3463000003 5005976.4913)
SRBRGI7100037,Бела топола крај Стражиловског потока,Bela topola kraj Stražilovskog potoka,"7101","1","80411","304",2017/02/01 01:00:00+01,POINT(416512.4785000002 5006296.6502)
SRBRGI7100038,Дивљи кестен у Сремским Карловцима,Divlji kesten u Sremskim Karlovcima,"7101","1","80411","305",2017/02/01 01:00:00+01,POINT(416773.0321000004 5005624.6559999995)
SRBRGI7100039,Амерички платан у Футогу,Američki platan u Futogu,"7101","1","80284","307",2017/02/01 01:00:00+01,POINT(397891.2461000001 5010300.568700001)
SRBRGI7100040,Црни дуд у Сремским Карловцима,Crni dud u Sremskim Karlovcima,"7101","1","80411","308",2017/02/01 01:00:00+01,POINT(417388.12289999984 5005261.7563000005)
SRBRGI7100041,Осам стабала цера – Палибрчки церови,Osam stabala cera – Palibrčki cerovi,"7101","1","70564","321",2017/02/01 01:00:00+01,POINT(437997.8476 4823218.5122)
SRBRGI7100042,Храст лужњак – Љутице,Hrast lužnjak – Ljutice,"7101","1","70955","324",2017/02/01 01:00:00+01,POINT(415690.6185999997 4858250.260199999)
SRBRGI7100043,Храст лужњак – Беле воде,Hrast lužnjak – Bele vode,"7101","1","70955","325",2017/02/01 01:00:00+01,POINT(419639.35840000026 4857730.306299999)
SRBRGI7100044,Храст цер у Почечи,Hrast cer u Počeči,"7101","1","70955","327",2017/02/01 01:00:00+01,POINT(424387.81350000016 4850902.095799999)
SRBRGI7100045,Бели дуд у Гардиновцима,Beli dud u Gardinovcima,"7101","1","80454","341",2017/02/01 01:00:00+01,POINT(431900.2276999997 5005984.944700001)
SRBRGI7100046,Гинко у Апатину,Ginko u Apatinu,"7101","1","80047","345",2017/02/01 01:00:00+01,POINT(342383.3786000004 5059530.002900001)
SRBRGI7100047,Храст цер у Доњој Црнући,Hrast cer u Donjoj Crnući,"7101","1","70483","346",2017/02/01 01:00:00+01,POINT(467950.3241999997 4875918.3248)
SRBRGI7100048,Тиса у Ботићевој,Tisa u Botićevoj,"7101","1","70220","347",2019/10/15 10:01:42+02,POINT(456861.1582000004 4959436.281199999)
SRBRGI7100049,Стопића пећина,Stopića pećina,"7101","1","71234","355",2017/02/01 01:00:00+01,POINT(407754.3514999999 4839444.358999999)
SRBRGI7100050,Две тисе у Суботици,Dve tise u Subotici,"7101","1","80438","381",2017/02/01 01:00:00+01,POINT(397147.1557 5105847.5155)
SRBRGI7100051,Јаворолисни платан у Новом Саду,Javorolisni platan u Novom Sadu,"7101","1","80284","387",2017/02/01 01:00:00+01,POINT(408322.5076000001 5011404.207699999)
SRBRGI7100052,Копривић у центру Новог Сада,Koprivić u centru Novog Sada,"7101","1","80284","389",2017/02/01 01:00:00+01,POINT(409504.8920999998 5011862.9186)
SRBRGI7100053,Три бела јасена код Долова,Tri bela jasena kod Dolova,"7101","1","80314","401",2017/02/01 01:00:00+01,POINT(489389.47479999997 4970465.737299999)
SRBRGI7100054,Амерички платан на Сајлову,Američki platan na Sajlovu,"7101","1","80284","432",2017/02/01 01:00:00+01,POINT(405943.0164000001 5014063.0030000005)
SRBRGI7100055,Шимшир у Сремским Карловцима,Šimšir u Sremskim Karlovcima,"7101","1","80411","434",2017/02/01 01:00:00+01,POINT(416833.8201000001 5005373.2699)
SRBRGI7100056,Платан код Милошевог конака,Platan kod Miloševog konaka,"7101","1","70220","439",2019/10/15 10:01:42+02,POINT(455887.4494000003 4958744.7389)
SRBRGI7100057,Чемпрес на Дедињу,Čempres na Dedinju,"7101","1","70220","440",2019/10/15 10:01:42+02,POINT(456890.8816999998 4959524.902000001)
SRBRGI7100058,Две тисе Саборне цркве,Dve tise Saborne crkve,"7101","1","70246","444",2019/10/15 10:01:42+02,POINT(456680.1928000003 4962856.143999999)
SRBRGI7100059,Храст на Цветном тргу,Hrast na Cvetnom trgu,"7101","1","70114","446",2017/02/01 01:00:00+01,POINT(457723.04110000003 4961477.7075)
SRBRGI7100060,Платан на Врачару,Platan na Vračaru,"7101","1","70114","447",2017/02/01 01:00:00+01,POINT(458308.8437999999 4960745.8882)
SRBRGI7100061,Бела топола у Молу,Bela topola u Molu,"7101","1","80012","448",2017/02/01 01:00:00+01,POINT(434163.24430000037 5066863.277000001)
SRBRGI7100062,Тиса у Пожешкој,Tisa u Požeškoj,"7101","1","70254","467",2017/02/01 01:00:00+01,POINT(454096.0089999996 4958992.148399999)
SRBRGI7100063,Храст лужњак испод Стражевице,Hrast lužnjak ispod Straževice,"7101","1","70483","477",2017/02/01 01:00:00+01,POINT(450930.4682 4879043.1329)
SRBRGI7100064,Храст лужњак у шуми Курјачица,Hrast lužnjak u šumi Kurjačica,"7101","1","80047","499",2017/02/01 01:00:00+01,POINT(345528.56010000035 5058011.3541)
SRBRGI7100065,Храст сладун у Братинцу,Hrast sladun u Bratincu,"7101","1","70947","504",2017/02/01 01:00:00+01,POINT(519951.82100000046 4943472.203199999)
SRBRGI7100066,Два храста лужњака у Петровцу,Dva hrasta lužnjaka u Petrovcu,"7101","1","70912","506",2017/02/01 01:00:00+01,POINT(533097.2647000002 4914124.795299999)
SRBRGI7100067,Два храста лужњака у Петровцу,Dva hrasta lužnjaka u Petrovcu,"7101","1","70912","506",2017/02/01 01:00:00+01,POINT(533073.6354 4914161.1077)
SRBRGI7100068,Бела топола код Старе Пазове,Bela topola kod Stare Pazove,"7101","1","80420","507",2017/02/01 01:00:00+01,POINT(437437.6590999998 4981801.075300001)
SRBRGI7100069,Гинко на Врачару,Ginko na Vračaru,"7101","1","70114","511",2017/02/01 01:00:00+01,POINT(457727.98670000024 4960752.567)
SRBRGI7100070,Два храста лужњака – Ђурђевак,Dva hrasta lužnjaka – Đurđevak,"7101","1","70742","514",2017/02/01 01:00:00+01,POINT(432254.1730000004 4848464.7421)
SRBRGI7100071,Два храста лужњака – Ђурђевак,Dva hrasta lužnjaka – Đurđevak,"7101","1","70742","514",2017/02/01 01:00:00+01,POINT(432281.9753999999 4848485.2267)
SRBRGI7100072,Два храста у Врачевићу,Dva hrasta u Vračeviću,"7101","1","70700","516",2017/02/01 01:00:00+01,POINT(435536.14329999965 4904286.3939)
SRBRGI7100073,Дуд на Ченејском салашу,Dud na Čenejskom salašu,"7101","1","80284","527",2017/02/01 01:00:00+01,POINT(406585.6233999999 5026078.2632)
SRBRGI7100074,Храст лужњак у дворишту црпне станице код Кумана,Hrast lužnjak u dvorištu crpne stanice kod Kumana,"7101","1","80268","536",2017/02/01 01:00:00+01,POINT(433617.7971999999 5038122.0416)
SRBRGI7100075,Амерички платан код Сонте,Američki platan kod Sonte,"7101","1","80047","564",2017/02/01 01:00:00+01,POINT(351571.45889999997 5047366.5065)
SRBRGI7100076,Група храста лужњака код Јеленског острва,Grupa hrasta lužnjaka kod Jelenskog ostrva,"7101","1","80047","565",2017/02/01 01:00:00+01,POINT(341402.81149999984 5051386.4893)
SRBRGI7100077,Група храста лужњака код Јеленског острва,Grupa hrasta lužnjaka kod Jelenskog ostrva,"7101","1","80047","565",2017/02/01 01:00:00+01,POINT(341449.9665999999 5051309.671700001)
SRBRGI7100078,Група храста лужњака код Јеленског острва,Grupa hrasta lužnjaka kod Jelenskog ostrva,"7101","1","80047","565",2017/02/01 01:00:00+01,POINT(341456.23840000015 5050809.1074)
SRBRGI7100079,Група храста лужњака код Јеленског острва,Grupa hrasta lužnjaka kod Jelenskog ostrva,"7101","1","80047","565",2017/02/01 01:00:00+01,POINT(341430.32210000046 5050785.062999999)
SRBRGI7100080,Група храста лужњака код Јеленског острва,Grupa hrasta lužnjaka kod Jelenskog ostrva,"7101","1","80047","565",2017/02/01 01:00:00+01,POINT(341427.51800000016 5050710.1195)
SRBRGI7100081,Дивља крушка код Свилојева,Divlja kruška kod Svilojeva,"7101","1","80047","566",2017/02/01 01:00:00+01,POINT(350945.7237 5055167.188200001)
SRBRGI7100082,Храст сладун,Hrast sladun,"7101","1","70386","567",2017/02/01 01:00:00+01,POINT(501366.52770000044 4907533.1964)
SRBRGI7100083,Енглески пољски брест у Шајкашу,Engleski poljski brest u Šajkašu,"7101","1","80454","574",2017/02/01 01:00:00+01,POINT(428618.00409999955 5013193.359099999)
SRBRGI7100084,Лукића храст у Раниловићу,Lukića hrast u Raniloviću,"7101","1","70033","593",2017/02/01 01:00:00+01,POINT(460228.95019999985 4916182.2851)
SRBRGI7100085,Група храста лужњака код Јозића колибе,Grupa hrasta lužnjaka kod Jozića kolibe,"7101","1","70190","597",2017/02/01 01:00:00+01,POINT(436446.74729999993 4939225.988600001)
SRBRGI7100086,Храст лужњак код Вранеша,Hrast lužnjak kod Vraneša,"7101","1","70459","600",2017/02/01 01:00:00+01,POINT(485125.33910000045 4838012.1789)
SRBRGI7100088,Липа у Шапцу,Lipa u Šapcu,"7101","1","71269","614",2017/02/01 01:00:00+01,POINT(396515.4967 4956791.297900001)
SRBRGI7100089,Две магнолије у Ботићевој,Dve magnolije u Botićevoj,"7101","1","70220","616",2019/10/15 10:01:42+02,POINT(456876.15419999976 4959427.2805)
SRBRGI7100090,Два хималајска боровца,Dva himalajska borovca,"7101","1","70220","618",2019/10/15 10:01:42+02,POINT(455094.69880000036 4959942.305299999)
SRBRGI7100091,Два хималајска боровца,Dva himalajska borovca,"7101","1","70220","618",2019/10/15 10:01:42+02,POINT(455067.7084999997 4959946.303200001)
SRBRGI7100092,Храст лужњак у Обрви,Hrast lužnjak u Obrvi,"7101","1","70653","620",2017/02/01 01:00:00+01,POINT(467654.60639999993 4849491.294500001)
SRBRGI7100093,Бреза у Доњој Краварици,Breza u Donjoj Kravarici,"7101","1","70742","621",2017/02/01 01:00:00+01,POINT(431585.60250000004 4849002.6598000005)
SRBRGI7100094,Липа у Гучи,Lipa u Guči,"7101","1","70742","622",2017/02/01 01:00:00+01,POINT(437783.63659999985 4847427.832)
SRBRGI7100095,Бела врба у Губеревцима,Bela vrba u Guberevcima,"7101","1","70742","623",2017/02/01 01:00:00+01,POINT(447080.4932000004 4845678.024499999)
SRBRGI7100096,Дрен у Губеревцима,Dren u Guberevcima,"7101","1","70742","624",2017/02/01 01:00:00+01,POINT(447705.30420000013 4846052.8923)
SRBRGI7100097,Храст сладун у Властељицама,Hrast sladun u Vlasteljicama,"7101","1","70742","625",2017/02/01 01:00:00+01,POINT(451051.7468999997 4841684.0363)
SRBRGI7100098,Стабло липе у Каони,Stablo lipe u Kaoni,"7101","1","70742","626",2017/02/01 01:00:00+01,POINT(451978.9528999999 4840054.6709)
SRBRGI7100099,Дрен у Вичи,Dren u Viči,"7101","1","70742","627",2017/02/01 01:00:00+01,POINT(440382.59979999997 4839705.1164)
SRBRGI7100100,Клен у Вичи,Klen u Viči,"7101","1","70742","628",2017/02/01 01:00:00+01,POINT(440482.6113999998 4840454.901000001)
SRBRGI7100101,Липа у Пшанику,Lipa u Pšaniku,"7101","1","70742","629",2017/02/01 01:00:00+01,POINT(440182.6118999999 4838635.440099999)
SRBRGI7100102,Храст у Дићима,Hrast u Dićima,"7101","1","70769","630",2017/02/01 01:00:00+01,POINT(441933.99729999993 4893014.344900001)
SRBRGI7100103,Платан у дворишту ОШ Милош Црњански,Platan u dvorištu OŠ Miloš Crnjanski,"7101","1","80284","631",2017/02/01 01:00:00+01,POINT(405561.1715000002 5011194.825200001)
SRBRGI7100104,Храст лужњак у Руњанима – Дебели грм,Hrast lužnjak u Runjanima – Debeli grm,"7101","1","70734","632",2017/02/01 01:00:00+01,POINT(362362.9802000001 4934043.4517)
SRBRGI7100105,Церови код Ђушиног гроба,Cerovi kod Đušinog groba,"7101","1","70262","633",2017/02/01 01:00:00+01,POINT(526901.5122999996 4802075.624)
SRBRGI7100106,Храст лужњак у селу Црна Бара,Hrast lužnjak u selu Crna Bara,"7101","1","70424","634",2017/02/01 01:00:00+01,POINT(594818.5724 4762716.673)
SRBRGI7100107,Новоселски брест запис,Novoselski brest zapis,"7101","1","71323","635",2017/02/01 01:00:00+01,POINT(566304.5802999996 4796776.9690000005)
SRBRGI7100108,Дуд запис у Медошевцу,Dud zapis u Medoševcu,"7101","1","71315","636",2017/02/01 01:00:00+01,POINT(570052.1140000001 4797321.331700001)
SRBRGI7100109,Павловићев храст у Доњој Трнави,Pavlovićev hrast u Donjoj Trnavi,"7101","1","71315","637",2017/02/01 01:00:00+01,POINT(562992.3609999996 4807842.7881000005)
SRBRGI7100110,Рајковићев храст,Rajkovićev hrast,"7101","1","71315","638",2017/02/01 01:00:00+01,POINT(563745.4018000001 4808542.9716)
SRBRGI7100111,Храст запис код Бањичког језера,Hrast zapis kod Banjičkog jezera,"7101","1","71307","639",2017/02/01 01:00:00+01,POINT(584927.9870999996 4800596.693499999)
SRBRGI7100112,Цер запис у Лесковику,Cer zapis u Leskoviku,"7101","1","71315","640",2017/02/01 01:00:00+01,POINT(572573.0231999997 4806533.805500001)
SRBRGI7100113,Бели дуд у Нишкој Бањи,Beli dud u Niškoj Banji,"7101","1","71285","641",2017/02/01 01:00:00+01,POINT(581753.3210000005 4793892.588500001)
SRBRGI7100114,Храст лужњак – Јованов запис,Hrast lužnjak – Jovanov zapis,"7101","1","70998","643",2017/02/01 01:00:00+01,POINT(540304.5687999995 4770474.777000001)
SRBRGI7100115,Здравињски цер запис,Zdravinjski cer zapis,"7101","1","70998","644",2017/02/01 01:00:00+01,POINT(531627.8742000004 4795557.6899999995)
SRBRGI7100116,Орах у Великој Плани код Прокупља,Orah u Velikoj Plani kod Prokuplja,"7101","1","70998","645",2017/02/01 01:00:00+01,POINT(535063.5713999998 4796717.244000001)
SRBRGI7100117,Дивља крушка – Брђанка,Divlja kruška – Brđanka,"7101","1","70645","646",2017/02/01 01:00:00+01,POINT(492783.0231999997 4868741.3782)
SRBRGI7100118,Стари храст у Годачици,Stari hrast u Godačici,"7101","1","70653","648",2017/02/01 01:00:00+01,POINT(488185.0724999998 4847899.886)
SRBRGI7100119,Богојевачки брест запис,Bogojevački brest zapis,"7101","1","70726","649",2017/02/01 01:00:00+01,POINT(578399.3054 4766976.499500001)
SRBRGI7100120,Топола у Губеревцу,Topola u Guberevcu,"7101","1","70726","650",2017/02/01 01:00:00+01,POINT(584302.6596999997 4756319.6436)
SRBRGI7100121,Кутлешки храст запис,Kutleški hrast zapis,"7101","1","70726","651",2017/02/01 01:00:00+01,POINT(569967.3798000002 4777040.7016)
SRBRGI7100122,Оскоруша у Великој Сејаници,Oskoruša u Velikoj Sejanici,"7101","1","70726","652",2017/02/01 01:00:00+01,POINT(590650.3519000001 4751456.334799999)
SRBRGI7100123,Фикус у Чачку,Fikus u Čačku,"7101","1","71242","653",2017/02/01 01:00:00+01,POINT(447706.0828 4860072.634199999)
SRBRGI7100124,Запис у Лесковику,Zapis u Leskoviku,"7101","1","71315","669",2017/02/01 01:00:00+01,POINT(572429.6239 4806546.7282)
SRBRGI7100125,Бела топола у Кукујевцима,Bela topola u Kukujevcima,"7101","1","80497","672",2017/02/01 01:00:00+01,POINT(369799.0077999998 4992749.881899999)
SRBRGI7100126,Два храста лужњака у Гибарцу,Dva hrasta lužnjaka u Gibarcu,"7101","1","80497","673",2017/02/01 01:00:00+01,POINT(363909.8367999997 4996216.2282)
SRBRGI7100127,Храст лужњак у Зрењанину,Hrast lužnjak u Zrenjaninu,"7101","1","80152","675",2017/02/01 01:00:00+01,POINT(453339.8443 5025325.341600001)
SRBRGI7100128,Бели дуд у Белом Блату,Beli dud u Belom Blatu,"7101","1","80152","676",2017/02/01 01:00:00+01,POINT(450841.42640000023 5013736.200999999)
SRBRGI7100129,Гојковића липа,Gojkovića lipa,"7101","1","71242","677",2017/02/01 01:00:00+01,POINT(457878.0050999997 4866176.4871)
SRBRGI7100130,Храст лужњак код платнаре,Hrast lužnjak kod platnare,"7101","1","71099","678",2020/10/27 14:30:20+01,POINT(493747.8650000002 4945645.793400001)
SRBRGI7100131,Кестен Ћурчина у Панчеву,Kesten Ćurčina u Pančevu,"7101","1","80314","679",2017/02/01 01:00:00+01,POINT(471534.80140000023 4968488.631999999)
SRBRGI7100132,Буква на Дедињу,Bukva na Dedinju,"7101","1","70220","685",2019/10/15 10:01:42+02,POINT(456450.2739000004 4959262.3605)
SRBRGI7100133,Храст цара Лазара,Hrast cara Lazara,"7101","1","70688","687",2017/02/01 01:00:00+01,POINT(519021.8783 4778117.361099999)
SRBRGI7100134,Храст Расина,Hrast Rasina,"7101","1","70670","698",2017/02/01 01:00:00+01,POINT(528838.6907000002 4824878.0429)
SRBRGI7100135,Храст код Шетке,Hrast kod Šetke,"7101","1","71005","702",2017/02/01 01:00:00+01,POINT(543541.9884000001 4840741.513800001)
SRBRGI7100136,Панчићева оморика на врху Пасјача,Pančićeva omorika na vrhu Pasjača,"7101","1","70068","112",2017/02/01 01:00:00+01,POINT(369778.5758999996 4867952.3508)
SRBRGI7100137,Бели јасен у Милочају,Beli jasen u Miločaju,"7101","1","70653","115",2017/02/01 01:00:00+01,POINT(470313.89070000034 4848581.4801)
SRBRGI7100138,Бели јасен – Звезда,Beli jasen – Zvezda,"7101","1","70068","159",2017/02/01 01:00:00+01,POINT(364257.1021999996 4870173.9878)
SRBRGI7100139,Буква – Црвене локве,Bukva – Crvene lokve,"7101","1","70068","164",2017/02/01 01:00:00+01,POINT(364781.0965999998 4868904.3387)
SRBRGI7100140,Храст лужњак на Мелници,Hrast lužnjak na Melnici,"7101","1","0","168",2019/10/14 14:25:06+02,POINT(463928.10369999986 4927398.8147)
SRBRGI7100141,Брекиња код Летенке,Brekinja kod Letenke,"7101","1","80403","175",2017/02/01 01:00:00+01,POINT(393551.72530000005 4998783.7936)
SRBRGI7100142,Црни бор у Врњачкој Бањи,Crni bor u Vrnjačkoj Banji,"7101","1","70459","178",2017/02/01 01:00:00+01,POINT(491378.4472000003 4829037.463300001)
SRBRGI7100143,Вештачка састојина мочварног чемпреса,Veštačka sastojina močvarnog čempresa,"7101","1","80063","181",2017/02/01 01:00:00+01,POINT(373149.52809999976 5010930.8215)
SRBRGI7100144,Храст лужњак у Биорцима,Hrast lužnjak u Biorcima,"7101","1","70483","362",2017/02/01 01:00:00+01,POINT(458228.0098000001 4871170.1677)
SRBRGI7100145,Пирамидални храст у Дунавском парку,Piramidalni hrast u Dunavskom parku,"7101","1","80284","366",2017/02/01 01:00:00+01,POINT(409850.0398000004 5011975.9542)
SRBRGI7100146,Три мочварна чемпреса у Футошком парку,Tri močvarna čempresa u Futoškom parku,"7101","1","80284","367",2017/02/01 01:00:00+01,POINT(407947.6102999998 5011404.241599999)
SRBRGI7100147,Бела топола у Петроварадину,Bela topola u Petrovaradinu,"7101","1","80284","368",2017/02/01 01:00:00+01,POINT(411796.39240000024 5011179.2623)
SRBRGI7100148,Храст китњак код Змајевца,Hrast kitnjak kod Zmajevca,"7101","1","80284","378",2017/02/01 01:00:00+01,POINT(405548.30539999995 5001132.6579)
SRBRGI7100149,Три црна ораха на пределу Косача,Tri crna oraha na predelu Kosača,"7101","1","80497","383",2017/02/01 01:00:00+01,POINT(375435.82019999996 5000815.361199999)
SRBRGI7100150,Буква код извора Бања,Bukva kod izvora Banja,"7101","1","80497","384",2017/02/01 01:00:00+01,POINT(374320.1486999998 5000406.6536)
SRBRGI7100151,Бреза на потесу Бранковац,Breza na potesu Brankovac,"7101","1","80101","402",2017/02/01 01:00:00+01,POINT(401160.6079000002 5001354.8781)
SRBRGI7100152,Цер у близини манастира Ђипша,Cer u blizini manastira Đipša,"7101","1","80063","429",2017/02/01 01:00:00+01,POINT(379774.8677000003 5003154.9355)
SRBRGI7100153,Цер код Летенке,Cer kod Letenke,"7101","1","80403","449",2017/02/01 01:00:00+01,POINT(395951.0338000003 4998933.7314)
SRBRGI7100154,Храст китњак Ђурђиног граба,Hrast kitnjak Đurđinog graba,"7101","1","80403","450",2017/02/01 01:00:00+01,POINT(395276.21279999986 4998858.758099999)
SRBRGI7100155,Храст китњак код Липовог чота,Hrast kitnjak kod Lipovog čota,"7101","1","80403","451",2017/02/01 01:00:00+01,POINT(397750.58359999955 4999383.5471)
SRBRGI7100156,Два храста цера – Селиште,Dva hrasta cera – Selište,"7101","1","70483","473",2017/02/01 01:00:00+01,POINT(450960.3679999998 4877293.695)
SRBRGI7100157,Храст цер – Орлијак,Hrast cer – Orlijak,"7101","1","70483","478",2017/02/01 01:00:00+01,POINT(450030.7559000002 4879043.1777)
SRBRGI7100158,Дуглазија код одмаралишта Тестера,Duglazija kod odmarališta Testera,"7101","1","80101","492",2017/02/01 01:00:00+01,POINT(394026.9012000002 5004231.985300001)
SRBRGI7100159,Азијски платан у шуми Дубоки јендек,Azijski platan u šumi Duboki jendek,"7101","1","80047","498",2017/02/01 01:00:00+01,POINT(339038.6151999999 5048372.839400001)
SRBRGI7100160,Два храста лужњака у Врњцима,Dva hrasta lužnjaka u Vrnjcima,"7101","1","70459","266",2017/02/01 01:00:00+01,POINT(493437.1556000002 4832057.474199999)
SRBRGI7100161,Две тисе у дворишту Карловачке гимназије,Dve tise u dvorištu Karlovačke gimnazije,"7101","1","80411","303",2017/02/01 01:00:00+01,POINT(416252.8054999998 5005967.6842)
SRBRGI7100162,Две тисе у Суботици,Dve tise u Subotici,"7101","1","80438","381",2017/02/01 01:00:00+01,POINT(397121.33189999964 5105887.589199999)
SRBRGI7100163,Две тисе Саборне цркве,Dve tise Saborne crkve,"7101","1","70246","444",2019/10/15 10:01:42+02,POINT(456657.50069999974 4962877.761299999)
SRBRGI7100164,Дивља крушка књегиње Љубице,Divlja kruška knjeginje Ljubice,"7101","1","70483","590",2017/02/01 01:00:00+01,POINT(442757.8013000004 4874144.862299999)
SRBRGI7100165,Кестен Јакшића на Сењаку,Kesten Jakšića na Senjaku,"7101","1","70220","617",2019/10/15 10:01:42+02,POINT(456112.36400000006 4960473.1592999995)
SRBRGI7100166,Панчићева оморика под Омаром,Pančićeva omorika pod Omarom,"7101","1","70068","44",2017/02/01 01:00:00+01,POINT(362831.4534 4866193.864499999)
SRBRGI7100167,Храстови лужњаци на Палићу,Hrastovi lužnjaci na Paliću,"7101","1","80438","707",2017/02/01 01:00:00+01,POINT(404104.50239999965 5106778.2904)
SRBRGI7100168,Храстови лужњаци на Палићу,Hrastovi lužnjaci na Paliću,"7101","1","80438","707",2017/02/01 01:00:00+01,POINT(404093.8431000002 5106773.199200001)
SRBRGI7100169,Храстови лужњаци на Палићу,Hrastovi lužnjaci na Paliću,"7101","1","80438","707",2017/02/01 01:00:00+01,POINT(404105.6133000003 5106771.1489)
SRBRGI7100170,Храстови лужњаци на Палићу,Hrastovi lužnjaci na Paliću,"7101","1","80438","707",2017/02/01 01:00:00+01,POINT(404094.4118999997 5106762.791099999)
SRBRGI7100171,Храстови лужњаци на Палићу,Hrastovi lužnjaci na Paliću,"7101","1","80438","707",2017/02/01 01:00:00+01,POINT(404114.3814000003 5106766.162900001)
SRBRGI7100172,Храстови лужњаци на Палићу,Hrastovi lužnjaci na Paliću,"7101","1","80438","707",2017/02/01 01:00:00+01,POINT(404070.7659 5106751.539999999)
SRBRGI7100173,Храстови лужњаци на Палићу,Hrastovi lužnjaci na Paliću,"7101","1","80438","707",2017/02/01 01:00:00+01,POINT(404087.1386000002 5106711.4944)
SRBRGI7100174,Храстови лужњаци на Палићу,Hrastovi lužnjaci na Paliću,"7101","1","80438","707",2017/02/01 01:00:00+01,POINT(404097.45409999974 5106687.181399999)
SRBRGI7100175,Храстови лужњаци на Палићу,Hrastovi lužnjaci na Paliću,"7101","1","80438","707",2017/02/01 01:00:00+01,POINT(404156.7544 5106678.1073)
SRBRGI7100176,Храстови лужњаци на Палићу,Hrastovi lužnjaci na Paliću,"7101","1","80438","707",2017/02/01 01:00:00+01,POINT(404068.1747000003 5106633.621200001)
SRBRGI7100177,Храстови лужњаци на Палићу,Hrastovi lužnjaci na Paliću,"7101","1","80438","707",2017/02/01 01:00:00+01,POINT(404057.1980999997 5106630.8443)
SRBRGI7100178,Храстови лужњаци на Палићу,Hrastovi lužnjaci na Paliću,"7101","1","80438","707",2017/02/01 01:00:00+01,POINT(403982.88790000044 5106608.893200001)
SRBRGI7100179,Храстови лужњаци на Палићу,Hrastovi lužnjaci na Paliću,"7101","1","80438","707",2017/02/01 01:00:00+01,POINT(403974.34470000025 5106606.698100001)
SRBRGI7100180,Храстови лужњаци на Палићу,Hrastovi lužnjaci na Paliću,"7101","1","80438","707",2017/02/01 01:00:00+01,POINT(403964.6640999997 5106604.1063)
SRBRGI7100181,Храстови лужњаци на Палићу,Hrastovi lužnjaci na Paliću,"7101","1","80438","707",2017/02/01 01:00:00+01,POINT(403947.04870000016 5106599.0549)
SRBRGI7100182,Храстови лужњаци на Палићу,Hrastovi lužnjaci na Paliću,"7101","1","80438","707",2017/02/01 01:00:00+01,POINT(403920.1891999999 5106591.544)
SRBRGI7100183,Храстови лужњаци на Палићу,Hrastovi lužnjaci na Paliću,"7101","1","80438","707",2017/02/01 01:00:00+01,POINT(403938.02940000035 5106596.286800001)
SRBRGI7100184,Храстови лужњаци на Палићу,Hrastovi lužnjaci na Paliću,"7101","1","80438","707",2017/02/01 01:00:00+01,POINT(403929.8036000002 5106593.853599999)
SRBRGI7100185,Храстови лужњаци на Палићу,Hrastovi lužnjaci na Paliću,"7101","1","80438","707",2017/02/01 01:00:00+01,POINT(403893.50150000025 5106583.3453)
SRBRGI7100186,Храстови лужњаци на Палићу,Hrastovi lužnjaci na Paliću,"7101","1","80438","707",2017/02/01 01:00:00+01,POINT(403883.3978000004 5106580.8946)
SRBRGI7100187,Храстови лужњаци на Палићу,Hrastovi lužnjaci na Paliću,"7101","1","80438","707",2017/02/01 01:00:00+01,POINT(403856.31340000033 5106574.0714)
SRBRGI7100188,Храстови лужњаци на Палићу,Hrastovi lužnjaci na Paliću,"7101","1","80438","707",2017/02/01 01:00:00+01,POINT(403966.3981999997 5106431.000600001)
SRBRGI7100189,Храстови лужњаци на Палићу,Hrastovi lužnjaci na Paliću,"7101","1","80438","707",2017/02/01 01:00:00+01,POINT(403984.51609999966 5106436.343)
SRBRGI7100190,Храстови лужњаци на Палићу,Hrastovi lužnjaci na Paliću,"7101","1","80438","707",2017/02/01 01:00:00+01,POINT(404019.54839999974 5106451.828299999)
SRBRGI7100191,Храстови лужњаци на Палићу,Hrastovi lužnjaci na Paliću,"7101","1","80438","707",2017/02/01 01:00:00+01,POINT(404028.9380000001 5106454.5788)
SRBRGI7100192,Храстови лужњаци на Палићу,Hrastovi lužnjaci na Paliću,"7101","1","80438","707",2017/02/01 01:00:00+01,POINT(404057.2522999998 5106457.7916)
SRBRGI7100193,Храстови лужњаци на Палићу,Hrastovi lužnjaci na Paliću,"7101","1","80438","707",2017/02/01 01:00:00+01,POINT(404066.50960000046 5106460.542099999)
SRBRGI7100194,Храстови лужњаци на Палићу,Hrastovi lužnjaci na Paliću,"7101","1","80438","707",2017/02/01 01:00:00+01,POINT(404084.97140000015 5106465.884400001)
SRBRGI7100195,Храстови лужњаци на Палићу,Hrastovi lužnjaci na Paliću,"7101","1","80438","707",2017/02/01 01:00:00+01,POINT(404093.7790999999 5106468.529100001)
SRBRGI7100196,Храстови лужњаци на Палићу,Hrastovi lužnjaci na Paliću,"7101","1","80438","707",2017/02/01 01:00:00+01,POINT(404104.7821000004 5106471.4647)
SRBRGI7100197,Храстови лужњаци на Палићу,Hrastovi lužnjaci na Paliću,"7101","1","80438","707",2017/02/01 01:00:00+01,POINT(404114.7993999999 5106647.4965)
SRBRGI7100198,Сладун у Кладурову,Sladun u Kladurovu,"7101","1","70912","711",2017/02/01 01:00:00+01,POINT(538234.6978000002 4916861.7041)
SRBRGI7100199,Кестен на Дорћолу,Kesten na Dorćolu,"7101","1","70246","712",2019/10/15 10:01:42+02,POINT(457660.10890000034 4963273.176100001)
SRBRGI7100200,Три храста лужњака – Баре,Tri hrasta lužnjaka – Bare,"7101","1","70092","167",2017/02/01 01:00:00+01,POINT(447623.2567999996 4934427.1283)
SRBRGI7100201,Платан на Житном тргу,Platan na Žitnom trgu,"7101","1","70394","719",2017/02/01 01:00:00+01,POINT(541214.7928999998 4957075.8445999995)
SRBRGI7100202,Храст у улици Мије Ковачевића,Hrast u ulici Mije Kovačevića,"7101","1","70149","726",2017/02/01 01:00:00+01,POINT(459795.4910000004 4962010.1346)
SRBRGI7100203,Стабла у Земунском парку,Stabla u Zemunskom parku,"7102","1","70157","581",2017/02/01 01:00:00+01,POINT(453413.50150000025 4965482.4077)
SRBRGI7100204,Стабла у Земунском парку,Stabla u Zemunskom parku,"7102","1","70157","581",2017/02/01 01:00:00+01,POINT(453410.59190000035 4965487.698000001)
SRBRGI7100205,Стабла у Земунском парку,Stabla u Zemunskom parku,"7102","1","70157","581",2017/02/01 01:00:00+01,POINT(453396.57299999986 4965510.7108)
SRBRGI7100206,Стабла у Земунском парку,Stabla u Zemunskom parku,"7102","1","70157","581",2017/02/01 01:00:00+01,POINT(453393.92789999954 4965515.471999999)
SRBRGI7100207,Стабла у Земунском парку,Stabla u Zemunskom parku,"7102","1","70157","581",2017/02/01 01:00:00+01,POINT(453401.8641999997 4965477.381999999)
SRBRGI7100208,Стабла у Земунском парку,Stabla u Zemunskom parku,"7102","1","70157","581",2017/02/01 01:00:00+01,POINT(453387.57919999957 4965538.4848)
SRBRGI7100209,Стабла у Земунском парку,Stabla u Zemunskom parku,"7102","1","70157","581",2017/02/01 01:00:00+01,POINT(453369.3295999998 4965532.4012)
SRBRGI7100210,Стабла у Земунском парку,Stabla u Zemunskom parku,"7102","1","70157","581",2017/02/01 01:00:00+01,POINT(453356.6342000002 4965530.814300001)
SRBRGI7100211,Стабла у Земунском парку,Stabla u Zemunskom parku,"7102","1","70157","581",2017/02/01 01:00:00+01,POINT(453353.98900000006 4965537.9562)
SRBRGI7100212,Црни бор у Црноштици,Crni bor u Crnoštici,"7101","1","70335","731",2017/02/01 01:00:00+01,POINT(613100.7492000004 4703441.663699999)
SRBRGI7100213,Стари парк у Новом Кнежевцу,Stari park u Novom Kneževcu,"7013","1","80276",,2017/02/01 01:00:00+01,POINT(429548.16110000014 5099583.046599999)
SRBRGI7100214,Мешовити дрворед платана у Оџацима,Mešoviti drvored platana u Odžacima,"7013","1","80306",,2017/02/01 01:00:00+01,POINT(363527.5070000002 5041224.534700001)
SRBRGI7100215,Бела топола у Савином Селу,Bela topola u Savinom Selu,"7101","1","80462",,2017/02/01 01:00:00+01,POINT(384676.36209999956 5040475.258300001)
SRBRGI7100216,Дрворед храстова код Бачког Петровог Села,Drvored hrastova kod Bačkog Petrovog Sela,"7013","1","80110",,2017/02/01 01:00:00+01,POINT(428380.55420000013 5060301.1007)
SRBRGI7100217,Стари парк Соколац у Новом Бечеју,Stari park Sokolac u Novom Bečeju,"7013","1","80268",,2017/02/01 01:00:00+01,POINT(433204.2522 5046009.401799999)
SRBRGI7100218,Група стабала копривића у Српској Црњи,Grupa stabala koprivića u Srpskoj Crnji,"7013","1","80250",,2017/02/01 01:00:00+01,POINT(476632.1040000003 5065020.6128)
SRBRGI7100219,Стабло софоре у Новој Црњи,Stablo sofore u Novoj Crnji,"7101","1","80250",,2020/10/13 13:03:40+02,POINT(469254.18659999967 5057287.6457)
SRBRGI7100220,Храст лужњак у Новој Црњи,Hrast lužnjak u Novoj Crnji,"7101","1","80250",,2017/02/01 01:00:00+01,POINT(469225.4483000003 5057189)
SRBRGI7100221,Стабло шимшира у Плавни,Stablo šimšira u Plavni,"7101","1","80055",,2017/02/01 01:00:00+01,POINT(353031.4395000003 5022951.6383)
SRBRGI7100222,Жупанијски парк у Зрењанину,Županijski park u Zrenjaninu,"7013","1","80152",,2017/02/01 01:00:00+01,POINT(453030.4287999999 5025050.8763999995)
SRBRGI7100223,Вршачки парк,Vršački park,"7013","1","80128",,2017/02/01 01:00:00+01,POINT(524177.54949999973 4996228.246300001)
SRBRGI7100224,Дрворед дудова Вршац – Стража,Drvored dudova Vršac – Straža,"7013","1","80128",,2017/02/01 01:00:00+01,POINT(522177.24450000003 4987219.5636)
SRBRGI7100225,Дрворед дудова Загајица – Избиште,Drvored dudova Zagajica – Izbište,"7013","1","80128",,2017/02/01 01:00:00+01,POINT(516523.0881000003 4982464.5385)
SRBRGI7100226,Дрворед дудова Избиште – Уљма,Drvored dudova Izbište – Uljma,"7013","1","80128",,2017/02/01 01:00:00+01,POINT(513536.2770999996 4986504.818700001)
SRBRGI7100227,Дрворед платана у Сремској Митровици,Drvored platana u Sremskoj Mitrovici,"7013","1","80403",,2017/02/01 01:00:00+01,POINT(390428.47169999965 4981770.6094)
SRBRGI7100228,Храст Зеке Буљубаше,Hrast Zeke Buljubaše,"7101","1","80403",,2017/02/01 01:00:00+01,POINT(377345.0279000001 4978023.1096)
SRBRGI7100229,Парк института Сремска Каменица,Park instituta Sremska Kamenica,"7013","1","80284",,2017/02/01 01:00:00+01,POINT(410060.8821999999 5007734.5811)
SRBRGI7100230,Парк у Хоргошу,Park u Horgošu,"7013","1","80195",,2017/02/01 01:00:00+01,POINT(420718.2915000003 5110776.764799999)
SRBRGI7100231,Оскоруша код Хопова,Oskoruša kod Hopova,"7101","1","80187",,2017/02/01 01:00:00+01,POINT(409698.73950000014 4997403.025699999)
SRBRGI7100232,Пољопривредно добро Зобнатица,Poljoprivredno dobro Zobnatica,"7013","1","80071",,2017/02/01 01:00:00+01,POINT(393882.8816999998 5079547.194599999)
SRBRGI7100233,Парк на пољопривредном добру Криваја,Park na poljoprivrednom dobru Krivaja,"7013","1","80071",,2017/02/01 01:00:00+01,POINT(383717.86679999996 5076536.5342)
SRBRGI7100234,Крупнолисна липа у Великом Средишту,Krupnolisna lipa u Velikom Središtu,"7101","1","80128",,2017/02/01 01:00:00+01,POINT(531549.9911000002 5002899.707699999)
SRBRGI7100235,Стабло црвенолисне букве у Омољици,Stablo crvenolisne bukve u Omoljici,"7101","1","80314",,2017/02/01 01:00:00+01,POINT(479229.0800000001 4956080.971999999)
